Index,County,Week of,American Indian or Alaskan Native,Asian or Pacific Islander,Black or African-American,White,Other,Suppressed,Missing or Undisclosed
1,Alamance,12/14/2020,,7,10,85,5,,
2,Alamance,12/21/2020,2,22,79,457,28,,
3,Alamance,12/28/2020,5,20,156,817,49,,
4,Alamance,1/4/2021,9,28,236,"1,841",46,,
5,Alamance,1/11/2021,11,23,213,"1,648",38,,
6,Alamance,1/18/2021,10,37,469,"2,571",104,,
7,Alamance,1/25/2021,8,50,465,"1,855",91,,1
8,Alamance,2/1/2021,5,44,658,"1,819",326,,10
9,Alamance,2/8/2021,11,52,816,"2,609",119,,8
10,Alamance,2/15/2021,6,39,355,"1,788",57,,20
11,Alamance,2/22/2021,14,50,938,"2,897",223,,123
12,Alamance,3/1/2021,8,61,699,"2,378",210,,64
13,Alamance,3/8/2021,10,64,365,"1,432",207,,22
14,Alexander,12/14/2020,,,,63,,,1
15,Alexander,12/21/2020,,,,96,1,2,
16,Alexander,12/28/2020,,,,154,2,10,
17,Alexander,1/4/2021,,,,620,2,13,0
18,Alexander,1/11/2021,,,,778,5,35,
19,Alexander,1/18/2021,,,,794,9,45,
20,Alexander,1/25/2021,,,,397,11,45,
21,Alexander,2/1/2021,,,,434,21,21,
22,Alexander,2/8/2021,,,,707,6,39,
23,Alexander,2/15/2021,,,,116,2,19,0
24,Alexander,2/22/2021,,,,614,4,61,4
25,Alexander,3/1/2021,,,,833,21,60,16
26,Alexander,3/8/2021,,,,278,16,31,7
27,Alleghany,12/14/2020,,,,9,,1,
28,Alleghany,12/21/2020,,,,37,1,,
29,Alleghany,12/28/2020,,,,67,1,2,
30,Alleghany,1/4/2021,,,,40,4,1,
31,Alleghany,1/11/2021,,,,457,9,2,
32,Alleghany,1/18/2021,,,,312,254,4,
33,Alleghany,1/25/2021,,,,470,97,9,
34,Alleghany,2/1/2021,,,,105,5,1,0
35,Alleghany,2/8/2021,,,,120,10,1,7
36,Alleghany,2/15/2021,,,,24,0,2,2
37,Alleghany,2/22/2021,,,,160,1,0,22
38,Alleghany,3/1/2021,,,,190,96,6,71
39,Alleghany,3/8/2021,,,,48,2,1,5
40,Anson,12/14/2020,,,1,,,2,
41,Anson,12/21/2020,,,,,1,9,
42,Anson,12/28/2020,,,6,,1,23,
43,Anson,1/4/2021,,,27,,,94,
44,Anson,1/11/2021,,,48,,2,263,
45,Anson,1/18/2021,,,106,,4,413,
46,Anson,1/25/2021,,,203,,7,472,
47,Anson,2/1/2021,,,282,,1,337,1
48,Anson,2/8/2021,,,242,,2,150,1
49,Anson,2/15/2021,,,135,,0,129,0
50,Anson,2/22/2021,,,305,,6,245,
51,Anson,3/1/2021,,,92,,0,140,1
52,Anson,3/8/2021,,,176,,5,182,4
53,Ashe,12/14/2020,,,,,,,
54,Ashe,12/21/2020,,,,121,,2,
55,Ashe,12/28/2020,,,,132,3,1,
56,Ashe,1/4/2021,,,,217,,5,
57,Ashe,1/11/2021,,,,603,10,3,2
58,Ashe,1/18/2021,,,,989,40,5,4
59,Ashe,1/25/2021,,,,235,19,3,
60,Ashe,2/1/2021,,,,262,41,1,2
61,Ashe,2/8/2021,,,,267,6,4,3
62,Ashe,2/15/2021,,,,103,3,1,16
63,Ashe,2/22/2021,,,,"1,251",7,13,169
64,Ashe,3/1/2021,,,,714,9,8,40
65,Ashe,3/8/2021,,,,283,6,2,6
66,Avery,12/14/2020,,,,7,,,
67,Avery,12/21/2020,,,,53,1,2,
68,Avery,12/28/2020,,,,93,1,,
69,Avery,1/4/2021,,,,78,1,,
70,Avery,1/11/2021,,,,862,1,4,
71,Avery,1/18/2021,,,,"1,047",7,3,
72,Avery,1/25/2021,,,,296,6,15,
73,Avery,2/1/2021,,,,168,0,5,
74,Avery,2/8/2021,,,,181,10,14,1
75,Avery,2/15/2021,,,,30,1,0,2
76,Avery,2/22/2021,,,,345,4,3,4
77,Avery,3/1/2021,,,,357,3,5,5
78,Avery,3/8/2021,,,,246,2,7,1
79,Beaufort,12/14/2020,,,,94,,5,
80,Beaufort,12/21/2020,,,,146,2,17,
81,Beaufort,12/28/2020,,,,221,2,27,
82,Beaufort,1/4/2021,,,,221,5,40,
83,Beaufort,1/11/2021,,,,577,2,22,
84,Beaufort,1/18/2021,,,,"1,028",18,137,
85,Beaufort,1/25/2021,,,,"1,601",46,395,
86,Beaufort,2/1/2021,,,,969,46,422,4
87,Beaufort,2/8/2021,,,,"1,117",40,533,9
88,Beaufort,2/15/2021,,,,469,8,186,6
89,Beaufort,2/22/2021,,,,848,42,204,7
90,Beaufort,3/1/2021,,,,801,30,250,12
91,Beaufort,3/8/2021,,,,376,51,118,24
92,Bertie,12/14/2020,,,3,,,12,
93,Bertie,12/21/2020,,,2,,,15,
94,Bertie,12/28/2020,,,17,,1,19,
95,Bertie,1/4/2021,,,188,,9,351,1
96,Bertie,1/11/2021,,,105,,2,156,
97,Bertie,1/18/2021,,,700,,60,621,
98,Bertie,1/25/2021,,,508,,38,511,2
99,Bertie,2/1/2021,,,242,,20,145,
100,Bertie,2/8/2021,,,184,,4,72,2
101,Bertie,2/15/2021,,,114,,1,83,
102,Bertie,2/22/2021,,,129,,3,78,1
103,Bertie,3/1/2021,,,119,,2,61,4
104,Bertie,3/8/2021,,,45,,2,25,2
105,Bladen,12/14/2020,,,,66,7,8,
106,Bladen,12/21/2020,,,,70,3,22,
107,Bladen,12/28/2020,,,,79,1,20,
108,Bladen,1/4/2021,,,,170,1,52,
109,Bladen,1/11/2021,,,,771,18,292,3
110,Bladen,1/18/2021,,,,875,3,357,
111,Bladen,1/25/2021,,,,397,6,222,
112,Bladen,2/1/2021,,,,316,4,222,1
113,Bladen,2/8/2021,,,,182,8,168,
114,Bladen,2/15/2021,,,,198,5,124,6
115,Bladen,2/22/2021,,,,369,7,345,7
116,Bladen,3/1/2021,,,,353,25,221,10
117,Bladen,3/8/2021,,,,175,42,110,11
118,Brunswick,12/14/2020,1,5,13,217,6,,
119,Brunswick,12/21/2020,6,9,56,581,15,,
120,Brunswick,12/28/2020,6,6,42,499,16,,
121,Brunswick,1/4/2021,7,7,40,974,14,,
122,Brunswick,1/11/2021,3,11,134,"2,520",45,,
123,Brunswick,1/18/2021,15,35,277,"5,845",571,,10
124,Brunswick,1/25/2021,15,34,206,"3,711",111,,5
125,Brunswick,2/1/2021,20,11,325,"3,622",80,,9
126,Brunswick,2/8/2021,10,12,448,"3,261",43,,10
127,Brunswick,2/15/2021,7,10,84,"2,084",40,,57
128,Brunswick,2/22/2021,15,11,332,"3,845",51,,53
129,Brunswick,3/1/2021,25,25,263,"4,030",39,,61
130,Brunswick,3/8/2021,11,12,163,"1,576",32,,17
131,Buncombe,12/14/2020,2,38,21,"1,246",26,,
132,Buncombe,12/21/2020,6,28,38,"1,341",32,,
133,Buncombe,12/28/2020,3,32,39,"1,065",37,,
134,Buncombe,1/4/2021,5,20,73,"1,361",34,,
135,Buncombe,1/11/2021,5,38,99,"3,063",48,,
136,Buncombe,1/18/2021,3,69,126,"4,329",226,,
137,Buncombe,1/25/2021,6,58,268,"5,356",173,,5
138,Buncombe,2/1/2021,9,40,423,"3,241",152,,6
139,Buncombe,2/8/2021,9,45,326,"3,260",98,,18
140,Buncombe,2/15/2021,7,24,176,"2,774",62,,40
141,Buncombe,2/22/2021,19,65,354,"5,340",114,,101
142,Buncombe,3/1/2021,7,80,234,"6,291",118,,236
143,Buncombe,3/8/2021,4,34,67,"2,785",82,,124
144,Burke,12/14/2020,2,7,8,250,3,,
145,Burke,12/21/2020,1,13,14,352,9,,1
146,Burke,12/28/2020,,11,14,366,20,,
147,Burke,1/4/2021,1,15,21,642,4,,
148,Burke,1/11/2021,2,8,57,"1,207",16,,
149,Burke,1/18/2021,4,20,143,"2,700",42,,
150,Burke,1/25/2021,7,26,120,"2,195",34,,
151,Burke,2/1/2021,2,20,148,"1,827",20,,
152,Burke,2/8/2021,1,19,125,880,25,,
153,Burke,2/15/2021,0,6,9,181,0,,4
154,Burke,2/22/2021,2,46,144,"2,079",24,,11
155,Burke,3/1/2021,8,49,81,"1,579",45,,20
156,Burke,3/8/2021,4,68,94,"1,144",57,,32
157,Cabarrus,12/14/2020,,13,14,106,3,,
158,Cabarrus,12/21/2020,1,53,48,331,8,,1
159,Cabarrus,12/28/2020,3,61,154,"1,295",61,,
160,Cabarrus,1/4/2021,9,57,189,"1,797",48,,
161,Cabarrus,1/11/2021,9,63,192,"1,851",43,,1
162,Cabarrus,1/18/2021,8,119,495,"4,553",151,,2
163,Cabarrus,1/25/2021,6,143,388,"2,469",135,,
164,Cabarrus,2/1/2021,8,64,220,"1,269",50,,1
165,Cabarrus,2/8/2021,6,79,503,"1,193",86,,9
166,Cabarrus,2/15/2021,5,58,242,659,56,,3
167,Cabarrus,2/22/2021,17,106,474,"2,243",87,,73
168,Cabarrus,3/1/2021,16,164,606,"2,435",92,,86
169,Cabarrus,3/8/2021,13,145,361,"1,420",54,,38
170,Caldwell,12/14/2020,1,4,1,224,3,,
171,Caldwell,12/21/2020,1,4,5,220,1,,
172,Caldwell,12/28/2020,2,4,7,290,14,,
173,Caldwell,1/4/2021,2,3,7,598,6,,
174,Caldwell,1/11/2021,2,3,41,"2,135",10,,
175,Caldwell,1/18/2021,0,9,102,"3,092",45,,
176,Caldwell,1/25/2021,3,7,91,"2,169",48,,
177,Caldwell,2/1/2021,0,2,35,733,13,,
178,Caldwell,2/8/2021,,1,23,400,16,,1
179,Caldwell,2/15/2021,1,3,42,699,12,,139
180,Caldwell,2/22/2021,1,4,57,"1,152",8,,20
181,Caldwell,3/1/2021,4,14,44,"1,026",28,,21
182,Caldwell,3/8/2021,,5,36,778,43,,33
183,Camden,12/14/2020,,,,1,,,
184,Camden,12/21/2020,,,,19,1,,
185,Camden,12/28/2020,,,,12,,2,
186,Camden,1/4/2021,,,,449,9,81,1
187,Camden,1/11/2021,,,,187,6,29,2
188,Camden,1/18/2021,,,,271,8,47,
189,Camden,1/25/2021,,,,290,7,67,2
190,Camden,2/1/2021,,,,172,10,55,
191,Camden,2/8/2021,,,,87,6,64,4
192,Camden,2/15/2021,,,,36,2,73,1
193,Camden,2/22/2021,,,,90,8,13,2
194,Camden,3/1/2021,,,,15,0,3,1
195,Camden,3/8/2021,,,,59,2,10,1
196,Carteret,12/14/2020,,,,267,4,14,
197,Carteret,12/21/2020,,,,294,5,13,
198,Carteret,12/28/2020,,,,393,2,13,
199,Carteret,1/4/2021,,,,439,3,14,
200,Carteret,1/11/2021,,,,"1,118",9,18,
201,Carteret,1/18/2021,,,,"2,662",34,71,1
202,Carteret,1/25/2021,,,,"1,656",63,78,3
203,Carteret,2/1/2021,,,,"1,218",60,31,1
204,Carteret,2/8/2021,,,,952,67,32,2
205,Carteret,2/15/2021,,,,127,1,10,2
206,Carteret,2/22/2021,,,,"1,358",16,105,12
207,Carteret,3/1/2021,,,,"2,820",59,242,58
208,Carteret,3/8/2021,,,,"1,279",47,108,52
209,Caswell,12/14/2020,,,,3,,,
210,Caswell,12/21/2020,,,,18,,7,
211,Caswell,12/28/2020,,,,65,3,43,
212,Caswell,1/4/2021,,,,241,7,104,
213,Caswell,1/11/2021,,,,380,11,131,
214,Caswell,1/18/2021,,,,382,3,149,
215,Caswell,1/25/2021,,,,162,9,119,
216,Caswell,2/1/2021,,,,230,20,220,
217,Caswell,2/8/2021,,,,213,11,226,1
218,Caswell,2/15/2021,,,,119,3,54,1
219,Caswell,2/22/2021,,,,565,8,336,5
220,Caswell,3/1/2021,,,,323,5,181,3
221,Caswell,3/8/2021,,,,225,8,184,1
222,Catawba,12/14/2020,2,30,18,426,10,,
223,Catawba,12/21/2020,1,29,38,581,12,,
224,Catawba,12/28/2020,1,18,22,701,18,,
225,Catawba,1/4/2021,3,26,31,"1,220",14,,2
226,Catawba,1/11/2021,4,18,62,"1,932",20,,
227,Catawba,1/18/2021,9,64,259,"3,918",90,,
228,Catawba,1/25/2021,4,70,179,"3,421",109,,0
229,Catawba,2/1/2021,7,32,140,"2,310",47,,1
230,Catawba,2/8/2021,6,10,75,"1,270",28,,1
231,Catawba,2/15/2021,0,23,100,"1,243",23,,10
232,Catawba,2/22/2021,15,62,224,"3,048",80,,18
233,Catawba,3/1/2021,5,64,273,"2,782",71,,41
234,Catawba,3/8/2021,2,112,210,"2,189",79,,30
235,Chatham,12/14/2020,2,15,5,212,7,,
236,Chatham,12/21/2020,2,36,19,332,16,,
237,Chatham,12/28/2020,1,28,36,381,29,,
238,Chatham,1/4/2021,1,23,37,466,19,,
239,Chatham,1/11/2021,10,42,72,"2,164",65,,
240,Chatham,1/18/2021,8,52,204,"3,033",131,,
241,Chatham,1/25/2021,7,45,308,"1,845",70,,
242,Chatham,2/1/2021,5,31,329,"1,054",66,,3
243,Chatham,2/8/2021,5,54,295,"1,546",99,,6
244,Chatham,2/15/2021,1,16,52,711,19,,4
245,Chatham,2/22/2021,5,11,243,"1,225",76,,42
246,Chatham,3/1/2021,7,49,162,"1,018",62,,41
247,Chatham,3/8/2021,3,24,170,755,74,,47
248,Cherokee,12/14/2020,,,,2,,1,
249,Cherokee,12/21/2020,,,,42,,1,
250,Cherokee,12/28/2020,,,,142,,,
251,Cherokee,1/4/2021,,,,303,2,3,
252,Cherokee,1/11/2021,,,,718,10,5,
253,Cherokee,1/18/2021,,,,562,6,3,
254,Cherokee,1/25/2021,,,,324,2,2,
255,Cherokee,2/1/2021,,,,341,3,7,1
256,Cherokee,2/8/2021,,,,607,2,9,2
257,Cherokee,2/15/2021,,,,105,2,4,1
258,Cherokee,2/22/2021,,,,917,7,22,18
259,Cherokee,3/1/2021,,,,619,8,23,7
260,Cherokee,3/8/2021,,,,335,4,5,6
261,Chowan,12/14/2020,,,,16,,2,
262,Chowan,12/21/2020,,,,29,,9,
263,Chowan,12/28/2020,,,,56,2,7,
264,Chowan,1/4/2021,,,,556,9,99,
265,Chowan,1/11/2021,,,,288,5,48,
266,Chowan,1/18/2021,,,,"1,066",84,222,1
267,Chowan,1/25/2021,,,,435,16,173,
268,Chowan,2/1/2021,,,,237,17,70,1
269,Chowan,2/8/2021,,,,81,10,87,2
270,Chowan,2/15/2021,,,,35,4,54,5
271,Chowan,2/22/2021,,,,63,6,22,1
272,Chowan,3/1/2021,,,,38,4,36,3
273,Chowan,3/8/2021,,,,85,3,28,1
274,Clay,12/14/2020,,,,5,,,
275,Clay,12/21/2020,,,,8,,,
276,Clay,12/28/2020,,,,26,,1,
277,Clay,1/4/2021,,,,59,,,
278,Clay,1/11/2021,,,,154,,2,
279,Clay,1/18/2021,,,,358,5,,
280,Clay,1/25/2021,,,,295,1,3,
281,Clay,2/1/2021,,,,162,3,2,
282,Clay,2/8/2021,,,,123,1,1,
283,Clay,2/15/2021,,,,10,0,0,
284,Clay,2/22/2021,,,,309,2,0,1
285,Clay,3/1/2021,,,,344,2,5,2
286,Clay,3/8/2021,,,,157,1,5,2
287,Cleveland,12/14/2020,,,,38,1,5,
288,Cleveland,12/21/2020,,,,221,5,16,
289,Cleveland,12/28/2020,,,,228,2,26,
290,Cleveland,1/4/2021,,,,606,7,80,
291,Cleveland,1/11/2021,,,,"1,063",5,129,
292,Cleveland,1/18/2021,,,,"2,341",26,267,
293,Cleveland,1/25/2021,,,,"1,898",19,266,
294,Cleveland,2/1/2021,,,,"1,189",13,338,10
295,Cleveland,2/8/2021,,,,775,4,231,1
296,Cleveland,2/15/2021,,,,"1,095",7,687,6
297,Cleveland,2/22/2021,,,,"1,448",17,294,33
298,Cleveland,3/1/2021,,,,"2,697",24,931,31
299,Cleveland,3/8/2021,,,,772,17,256,10
300,Columbus,12/14/2020,,,,27,,10,
301,Columbus,12/21/2020,,,,116,5,28,
302,Columbus,12/28/2020,,,,163,7,49,
303,Columbus,1/4/2021,,,,309,6,98,
304,Columbus,1/11/2021,,,,419,5,93,
305,Columbus,1/18/2021,,,,916,17,259,
306,Columbus,1/25/2021,,,,611,13,289,
307,Columbus,2/1/2021,,,,456,26,259,1
308,Columbus,2/8/2021,,,,468,11,261,
309,Columbus,2/15/2021,,,,295,10,187,10
310,Columbus,2/22/2021,,,,522,16,362,26
311,Columbus,3/1/2021,,,,776,23,506,50
312,Columbus,3/8/2021,,,,371,9,204,27
313,Craven,12/14/2020,2,11,29,217,11,,
314,Craven,12/21/2020,2,9,34,526,11,,
315,Craven,12/28/2020,3,7,36,321,13,,
316,Craven,1/4/2021,3,11,61,628,8,,
317,Craven,1/11/2021,3,22,173,"1,471",26,,
318,Craven,1/18/2021,8,28,280,"2,829",52,,
319,Craven,1/25/2021,5,13,214,"1,660",81,,
320,Craven,2/1/2021,0,14,169,"1,021",88,,2
321,Craven,2/8/2021,4,15,454,"1,324",115,,5
322,Craven,2/15/2021,3,7,140,697,13,,3
323,Craven,2/22/2021,3,13,363,998,22,,8
324,Craven,3/1/2021,14,61,879,"3,586",53,,214
325,Craven,3/8/2021,5,26,328,988,18,,60
326,Cumberland,12/14/2020,21,148,347,"1,005",223,,
327,Cumberland,12/21/2020,15,80,174,450,49,,
328,Cumberland,12/28/2020,21,96,358,906,118,,
329,Cumberland,1/4/2021,23,109,634,"1,917",85,,1
330,Cumberland,1/11/2021,64,274,"2,002","3,683",197,,
331,Cumberland,1/18/2021,53,255,"1,911","3,989",244,,
332,Cumberland,1/25/2021,38,113,993,"1,727",142,,1
333,Cumberland,2/1/2021,46,134,"1,757","1,416",177,,2
334,Cumberland,2/8/2021,30,95,641,844,75,,3
335,Cumberland,2/15/2021,49,154,"1,749","2,449",250,,15
336,Cumberland,2/22/2021,47,165,"1,832","2,006",169,,22
337,Cumberland,3/1/2021,71,295,"1,539","2,488",245,,50
338,Cumberland,3/8/2021,25,114,766,971,102,,20
339,Currituck,12/14/2020,,,,3,,1,
340,Currituck,12/21/2020,,,,15,2,,
341,Currituck,12/28/2020,,,,51,1,,
342,Currituck,1/4/2021,,,,"1,187",26,65,
343,Currituck,1/11/2021,,,,506,13,28,
344,Currituck,1/18/2021,,,,"1,344",52,55,
345,Currituck,1/25/2021,,,,522,39,28,
346,Currituck,2/1/2021,,,,650,45,53,1
347,Currituck,2/8/2021,,,,158,1,4,2
348,Currituck,2/15/2021,,,,50,1,28,3
349,Currituck,2/22/2021,,,,60,3,1,1
350,Currituck,3/1/2021,,,,64,6,8,9
351,Currituck,3/8/2021,,,,59,2,3,
352,Dare,12/14/2020,,,,44,1,,
353,Dare,12/21/2020,,,,180,3,6,
354,Dare,12/28/2020,,,,176,5,3,
355,Dare,1/4/2021,,,,582,29,15,
356,Dare,1/11/2021,,,,995,65,13,
357,Dare,1/18/2021,,,,"2,732",103,50,
358,Dare,1/25/2021,,,,"1,599",25,28,
359,Dare,2/1/2021,,,,951,23,18,
360,Dare,2/8/2021,,,,300,12,10,
361,Dare,2/15/2021,,,,287,4,8,7
362,Dare,2/22/2021,,,,587,2,14,7
363,Dare,3/1/2021,,,,891,16,52,55
364,Dare,3/8/2021,,,,271,8,4,30
365,Davidson,12/14/2020,3,,3,70,1,,
366,Davidson,12/21/2020,1,31,49,957,18,,
367,Davidson,12/28/2020,5,18,49,657,19,,
368,Davidson,1/4/2021,2,16,72,"1,879",25,,
369,Davidson,1/11/2021,6,12,80,"1,983",16,,
370,Davidson,1/18/2021,6,14,172,"2,819",66,,3
371,Davidson,1/25/2021,7,16,115,"2,377",35,,
372,Davidson,2/1/2021,3,15,108,"1,291",20,,1
373,Davidson,2/8/2021,16,31,252,"1,670",34,,3
374,Davidson,2/15/2021,2,11,103,568,14,,5
375,Davidson,2/22/2021,10,24,254,"2,898",53,,20
376,Davidson,3/1/2021,7,23,283,"2,136",74,,29
377,Davidson,3/8/2021,4,25,166,"1,403",58,,49
378,Davie,12/14/2020,,,,50,,2,
379,Davie,12/21/2020,,,,421,18,20,
380,Davie,12/28/2020,,,,"1,124",16,38,
381,Davie,1/4/2021,,,,693,1,31,
382,Davie,1/11/2021,,,,876,8,53,
383,Davie,1/18/2021,,,,"1,032",18,50,
384,Davie,1/25/2021,,,,822,14,58,1
385,Davie,2/1/2021,,,,627,10,49,
386,Davie,2/8/2021,,,,347,7,35,3
387,Davie,2/15/2021,,,,96,2,13,3
388,Davie,2/22/2021,,,,757,30,84,8
389,Davie,3/1/2021,,,,274,8,33,10
390,Davie,3/8/2021,,,,163,12,13,0
391,Duplin,12/14/2020,,,3,35,,,
392,Duplin,12/21/2020,,2,16,82,2,,
393,Duplin,12/28/2020,,2,23,131,5,,
394,Duplin,1/4/2021,1,2,25,194,2,,
395,Duplin,1/11/2021,,1,204,714,140,,
396,Duplin,1/18/2021,,6,115,508,43,,1
397,Duplin,1/25/2021,0,2,117,629,28,,
398,Duplin,2/1/2021,,1,256,655,26,,
399,Duplin,2/8/2021,1,4,363,700,39,,2
400,Duplin,2/15/2021,,1,38,80,13,,
401,Duplin,2/22/2021,1,4,332,883,32,,32
402,Duplin,3/1/2021,1,2,222,699,49,,60
403,Duplin,3/8/2021,,2,74,202,144,,19
404,Durham,12/14/2020,7,175,118,"1,251",85,,
405,Durham,12/21/2020,7,404,347,"2,380",139,,
406,Durham,12/28/2020,15,238,448,"1,781",142,,
407,Durham,1/4/2021,11,224,525,"1,791",139,,
408,Durham,1/11/2021,17,263,"1,081","3,732",205,,
409,Durham,1/18/2021,30,424,"1,986","7,178",353,,6
410,Durham,1/25/2021,31,268,"1,710","4,180",248,,
411,Durham,2/1/2021,17,170,"2,040","2,667",401,,5
412,Durham,2/8/2021,35,225,"2,022","3,063",255,,13
413,Durham,2/15/2021,9,161,"1,131","1,953",166,,73
414,Durham,2/22/2021,16,196,"1,804","3,730",298,,333
415,Durham,3/1/2021,46,408,"2,674","4,633",464,,351
416,Durham,3/8/2021,19,398,"1,287","2,431",256,,255
417,Edgecombe,12/14/2020,,,4,,,40,
418,Edgecombe,12/21/2020,,,20,,1,57,
419,Edgecombe,12/28/2020,,,23,,1,44,
420,Edgecombe,1/4/2021,,,82,,2,107,
421,Edgecombe,1/11/2021,,,245,,6,631,2
422,Edgecombe,1/18/2021,,,263,,11,464,
423,Edgecombe,1/25/2021,,,362,,11,591,
424,Edgecombe,2/1/2021,,,551,,17,406,3
425,Edgecombe,2/8/2021,,,612,,24,303,1
426,Edgecombe,2/15/2021,,,135,,2,128,10
427,Edgecombe,2/22/2021,,,694,,8,369,11
428,Edgecombe,3/1/2021,,,601,,28,294,4
429,Edgecombe,3/8/2021,,,295,,3,194,5
430,Forsyth,12/14/2020,,40,39,506,31,,1
431,Forsyth,12/21/2020,17,414,387,"3,513",173,,3
432,Forsyth,12/28/2020,11,164,361,"2,020",89,,
433,Forsyth,1/4/2021,6,159,497,"3,409",126,,
434,Forsyth,1/11/2021,13,137,759,"4,499",146,,1
435,Forsyth,1/18/2021,30,157,914,"6,197",200,,2
436,Forsyth,1/25/2021,34,228,"1,534","6,849",255,,6
437,Forsyth,2/1/2021,29,107,"1,172","3,782",172,,3
438,Forsyth,2/8/2021,24,87,"1,419","2,802",179,,12
439,Forsyth,2/15/2021,6,40,484,"1,486",82,,25
440,Forsyth,2/22/2021,31,92,"1,859","4,606",280,,78
441,Forsyth,3/1/2021,25,164,"1,674","4,870",361,,116
442,Forsyth,3/8/2021,17,212,"1,159","3,586",316,,71
443,Franklin,12/14/2020,,,6,60,2,,
444,Franklin,12/21/2020,,2,16,96,4,,
445,Franklin,12/28/2020,3,3,33,202,4,,
446,Franklin,1/4/2021,1,3,57,440,10,,
447,Franklin,1/11/2021,1,5,204,"1,064",17,,1
448,Franklin,1/18/2021,5,18,295,"1,700",32,,1
449,Franklin,1/25/2021,3,2,204,654,21,,
450,Franklin,2/1/2021,6,9,279,701,31,,0
451,Franklin,2/8/2021,5,4,233,544,51,,2
452,Franklin,2/15/2021,2,6,85,199,12,,
453,Franklin,2/22/2021,8,11,431,980,41,,12
454,Franklin,3/1/2021,3,11,377,802,27,,24
455,Franklin,3/8/2021,1,5,114,296,21,,10
456,Gaston,12/14/2020,,9,18,225,4,,
457,Gaston,12/21/2020,1,22,69,639,25,,
458,Gaston,12/28/2020,2,22,113,860,32,,
459,Gaston,1/4/2021,9,26,157,"1,374",32,,
460,Gaston,1/11/2021,8,36,251,"2,176",39,,
461,Gaston,1/18/2021,16,34,409,"3,504",134,,
462,Gaston,1/25/2021,13,59,502,"3,954",130,,1
463,Gaston,2/1/2021,18,32,610,"2,209",112,,6
464,Gaston,2/8/2021,10,29,517,"1,983",63,,5
465,Gaston,2/15/2021,5,8,114,739,34,,10
466,Gaston,2/22/2021,19,45,749,"4,532",145,,47
467,Gaston,3/1/2021,18,87,738,"2,829",115,,50
468,Gaston,3/8/2021,9,70,456,"2,123",140,,24
469,Gates,12/14/2020,,,,,,,
470,Gates,12/21/2020,,,,9,,2,
471,Gates,12/28/2020,,,,20,,4,
472,Gates,1/4/2021,,,,387,2,104,
473,Gates,1/11/2021,,,,135,2,68,
474,Gates,1/18/2021,,,,408,7,229,
475,Gates,1/25/2021,,,,23,,5,
476,Gates,2/1/2021,,,,255,16,211,
477,Gates,2/8/2021,,,,27,1,61,1
478,Gates,2/15/2021,,,,51,3,40,
479,Gates,2/22/2021,,,,90,2,79,7
480,Gates,3/1/2021,,,,59,0,55,
481,Gates,3/8/2021,,,,14,,13,1
482,Graham,12/14/2020,,,,,1,,
483,Graham,12/21/2020,,,,1,,,
484,Graham,12/28/2020,,,,28,2,3,
485,Graham,1/4/2021,,,,94,1,2,
486,Graham,1/11/2021,,,,246,6,1,
487,Graham,1/18/2021,,,,217,1,1,
488,Graham,1/25/2021,,,,252,2,7,
489,Graham,2/1/2021,,,,223,1,1,
490,Graham,2/8/2021,,,,96,0,3,1
491,Graham,2/15/2021,,,,109,0,2,
492,Graham,2/22/2021,,,,288,3,4,7
493,Graham,3/1/2021,,,,152,2,6,3
494,Graham,3/8/2021,,,,81,1,2,
495,Granville,12/14/2020,,3,26,108,2,,
496,Granville,12/21/2020,,2,56,204,6,,
497,Granville,12/28/2020,,5,68,207,6,,
498,Granville,1/4/2021,1,5,118,291,13,,
499,Granville,1/11/2021,4,8,612,"1,634",23,,
500,Granville,1/18/2021,3,6,462,"1,152",21,,
501,Granville,1/25/2021,1,2,194,421,11,,
502,Granville,2/1/2021,4,4,338,501,29,,
503,Granville,2/8/2021,3,3,536,705,22,,2
504,Granville,2/15/2021,0,9,146,227,9,,2
505,Granville,2/22/2021,5,10,445,858,22,,14
506,Granville,3/1/2021,3,12,469,916,56,,89
507,Granville,3/8/2021,4,4,249,489,36,,22
508,Greene,12/14/2020,,,,17,,1,
509,Greene,12/21/2020,,,,15,1,7,
510,Greene,12/28/2020,,,,33,,11,
511,Greene,1/4/2021,,,,138,3,16,
512,Greene,1/11/2021,,,,225,7,44,
513,Greene,1/18/2021,,,,296,65,54,
514,Greene,1/25/2021,,,,435,154,199,
515,Greene,2/1/2021,,,,370,47,324,
516,Greene,2/8/2021,,,,95,6,67,
517,Greene,2/15/2021,,,,22,1,23,
518,Greene,2/22/2021,,,,104,10,111,13
519,Greene,3/1/2021,,,,132,40,92,5
520,Greene,3/8/2021,,,,159,24,135,4
521,Guilford,12/14/2020,,55,57,465,23,,
522,Guilford,12/21/2020,9,153,298,"1,408",77,,
523,Guilford,12/28/2020,12,136,374,"1,394",53,,1
524,Guilford,1/4/2021,6,80,359,"1,790",64,,
525,Guilford,1/11/2021,10,174,801,"4,841",105,,
526,Guilford,1/18/2021,27,286,"2,831","11,213",322,,3
527,Guilford,1/25/2021,20,226,"1,088","4,709",170,,1
528,Guilford,2/1/2021,30,247,"2,410","7,443",371,,4
529,Guilford,2/8/2021,29,253,"2,064","4,940",392,,7
530,Guilford,2/15/2021,14,83,"1,106","2,345",242,,18
531,Guilford,2/22/2021,42,313,"4,000","7,414",637,,84
532,Guilford,3/1/2021,40,397,"3,900","6,988",719,,141
533,Guilford,3/8/2021,33,596,"2,356","4,593",673,,154
534,Halifax,12/14/2020,,,17,,,62,
535,Halifax,12/21/2020,,,21,,4,49,
536,Halifax,12/28/2020,,,64,,7,144,
537,Halifax,1/4/2021,,,172,,9,583,
538,Halifax,1/11/2021,,,252,,7,517,
539,Halifax,1/18/2021,,,395,,8,500,
540,Halifax,1/25/2021,,,257,,7,351,
541,Halifax,2/1/2021,,,520,,24,772,2
542,Halifax,2/8/2021,,,723,,25,744,1
543,Halifax,2/15/2021,,,56,,1,72,4
544,Halifax,2/22/2021,,,952,,16,844,20
545,Halifax,3/1/2021,,,962,,41,766,39
546,Halifax,3/8/2021,,,211,,11,235,21
547,Harnett,12/14/2020,3,10,18,174,17,,
548,Harnett,12/21/2020,4,8,17,160,8,,
549,Harnett,12/28/2020,1,12,33,317,10,,
550,Harnett,1/4/2021,15,10,129,"1,223",50,,
551,Harnett,1/11/2021,13,8,165,"1,296",34,,
552,Harnett,1/18/2021,11,27,510,"2,602",106,,
553,Harnett,1/25/2021,12,6,280,"1,274",38,,1
554,Harnett,2/1/2021,9,18,382,839,35,,2
555,Harnett,2/8/2021,18,23,263,807,44,,1
556,Harnett,2/15/2021,8,18,232,"1,021",30,,9
557,Harnett,2/22/2021,13,15,328,"1,203",54,,26
558,Harnett,3/1/2021,17,36,397,"1,802",88,,28
559,Harnett,3/8/2021,4,14,220,666,73,,30
560,Haywood,12/14/2020,,,,251,2,4,
561,Haywood,12/21/2020,,,,238,3,1,
562,Haywood,12/28/2020,,,,223,5,4,
563,Haywood,1/4/2021,,,,464,8,3,
564,Haywood,1/11/2021,,,,955,260,40,1
565,Haywood,1/18/2021,,,,"1,984",66,37,1
566,Haywood,1/25/2021,,,,"2,107",14,43,
567,Haywood,2/1/2021,,,,548,23,8,1
568,Haywood,2/8/2021,,,,"1,147",14,67,3
569,Haywood,2/15/2021,,,,481,6,4,4
570,Haywood,2/22/2021,,,,882,10,14,5
571,Haywood,3/1/2021,,,,"1,104",20,39,15
572,Haywood,3/8/2021,,,,"1,046",8,11,10
573,Henderson,12/14/2020,,7,6,263,8,,
574,Henderson,12/21/2020,2,8,7,664,14,,
575,Henderson,12/28/2020,1,9,10,550,10,,
576,Henderson,1/4/2021,1,7,20,626,22,,
577,Henderson,1/11/2021,2,15,31,"2,066",22,,
578,Henderson,1/18/2021,6,9,40,"3,241",265,,2
579,Henderson,1/25/2021,4,15,44,"2,883",220,,3
580,Henderson,2/1/2021,2,11,62,"1,120",60,,3
581,Henderson,2/8/2021,2,20,93,"1,361",145,,3
582,Henderson,2/15/2021,2,6,22,556,21,,38
583,Henderson,2/22/2021,5,11,77,"2,563",73,,109
584,Henderson,3/1/2021,7,28,33,"2,324",48,,97
585,Henderson,3/8/2021,0,12,15,858,46,,47
586,Hertford,12/14/2020,,,12,,1,16,
587,Hertford,12/21/2020,,,2,,1,18,
588,Hertford,12/28/2020,,,7,,1,19,
589,Hertford,1/4/2021,,,260,,31,504,
590,Hertford,1/11/2021,,,113,,6,140,
591,Hertford,1/18/2021,,,352,,24,356,
592,Hertford,1/25/2021,,,88,,7,103,
593,Hertford,2/1/2021,,,680,,58,456,3
594,Hertford,2/8/2021,,,127,,4,78,8
595,Hertford,2/15/2021,,,194,,3,134,3
596,Hertford,2/22/2021,,,225,,8,139,6
597,Hertford,3/1/2021,,,253,,13,170,12
598,Hertford,3/8/2021,,,138,,5,63,10
599,Hoke,12/14/2020,6,2,36,89,15,,
600,Hoke,12/21/2020,4,1,16,37,9,,
601,Hoke,12/28/2020,6,4,56,94,8,,
602,Hoke,1/4/2021,23,3,92,192,13,,
603,Hoke,1/11/2021,42,9,220,411,37,,
604,Hoke,1/18/2021,31,18,354,465,57,,
605,Hoke,1/25/2021,6,11,156,169,55,,1
606,Hoke,2/1/2021,25,7,221,182,76,,
607,Hoke,2/8/2021,7,3,131,104,39,,
608,Hoke,2/15/2021,29,7,170,227,49,,10
609,Hoke,2/22/2021,20,8,265,202,49,,9
610,Hoke,3/1/2021,24,17,238,240,49,,14
611,Hoke,3/8/2021,5,10,149,93,28,,5
612,Hyde,12/14/2020,,,,1,,,
613,Hyde,12/21/2020,,,,,,,
614,Hyde,12/28/2020,,,,41,2,7,
615,Hyde,1/4/2021,,,,126,2,13,
616,Hyde,1/11/2021,,,,135,3,31,
617,Hyde,1/18/2021,,,,155,6,37,
618,Hyde,1/25/2021,,,,152,5,52,
619,Hyde,2/1/2021,,,,90,2,45,
620,Hyde,2/8/2021,,,,54,0,44,
621,Hyde,2/15/2021,,,,95,0,15,
622,Hyde,2/22/2021,,,,73,5,18,1
623,Hyde,3/1/2021,,,,154,40,25,3
624,Hyde,3/8/2021,,,,96,23,36,
625,Iredell,12/14/2020,,11,10,192,10,,
626,Iredell,12/21/2020,3,24,36,530,18,,1
627,Iredell,12/28/2020,4,35,90,972,31,,
628,Iredell,1/4/2021,0,21,118,"1,572",34,,0
629,Iredell,1/11/2021,3,25,133,"1,962",54,,
630,Iredell,1/18/2021,8,58,246,"4,041",168,,
631,Iredell,1/25/2021,2,48,228,"2,339",110,,
632,Iredell,2/1/2021,9,37,243,"1,762",58,,5
633,Iredell,2/8/2021,7,66,314,"1,968",40,,5
634,Iredell,2/15/2021,1,22,227,"1,266",30,,13
635,Iredell,2/22/2021,9,55,453,"3,076",83,,46
636,Iredell,3/1/2021,10,55,327,"2,028",68,,48
637,Iredell,3/8/2021,3,46,133,"1,059",41,,30
638,Jackson,12/14/2020,,,,44,,,
639,Jackson,12/21/2020,,,,26,,,
640,Jackson,12/28/2020,,2,,154,7,,
641,Jackson,1/4/2021,,3,1,207,6,,
642,Jackson,1/11/2021,2,1,5,453,7,,
643,Jackson,1/18/2021,8,7,5,"1,369",28,,
644,Jackson,1/25/2021,1,1,5,225,3,,
645,Jackson,2/1/2021,2,4,3,477,15,,
646,Jackson,2/8/2021,5,4,12,"1,522",44,,
647,Jackson,2/15/2021,1,1,3,88,1,,
648,Jackson,2/22/2021,5,10,8,"1,334",20,,10
649,Jackson,3/1/2021,3,18,30,"1,475",32,,28
650,Jackson,3/8/2021,6,40,31,923,30,,30
651,Johnston,12/14/2020,2,8,16,232,12,,1
652,Johnston,12/21/2020,7,10,63,594,30,,1
653,Johnston,12/28/2020,4,15,84,871,26,,
654,Johnston,1/4/2021,6,27,216,"1,093",55,,0
655,Johnston,1/11/2021,4,19,275,"2,678",68,,
656,Johnston,1/18/2021,8,48,647,"4,386",247,,1
657,Johnston,1/25/2021,13,12,293,"1,767",79,,1
658,Johnston,2/1/2021,10,25,506,"1,656",112,,2
659,Johnston,2/8/2021,8,41,577,"3,171",150,,4
660,Johnston,2/15/2021,8,28,278,987,62,,68
661,Johnston,2/22/2021,27,44,533,"3,113",105,,73
662,Johnston,3/1/2021,19,50,598,"3,113",187,,71
663,Johnston,3/8/2021,11,51,381,"1,849",246,,45
664,Jones,12/14/2020,,,,11,,4,
665,Jones,12/21/2020,,,,24,1,2,
666,Jones,12/28/2020,,,,25,1,4,
667,Jones,1/4/2021,,,,50,,13,
668,Jones,1/11/2021,,,,116,1,36,
669,Jones,1/18/2021,,,,355,2,177,
670,Jones,1/25/2021,,,,61,2,38,
671,Jones,2/1/2021,,,,42,1,19,
672,Jones,2/8/2021,,,,166,3,95,
673,Jones,2/15/2021,,,,27,0,30,
674,Jones,2/22/2021,,,,122,0,95,1
675,Jones,3/1/2021,,,,148,1,104,12
676,Jones,3/8/2021,,,,117,4,85,5
677,Lee,12/14/2020,1,1,7,34,1,,
678,Lee,12/21/2020,,3,4,80,10,,
679,Lee,12/28/2020,2,3,25,227,13,,
680,Lee,1/4/2021,2,8,87,450,22,,
681,Lee,1/11/2021,4,11,64,979,120,,
682,Lee,1/18/2021,6,16,175,"1,209",43,,
683,Lee,1/25/2021,2,9,156,620,40,,
684,Lee,2/1/2021,6,9,262,"1,156",61,,
685,Lee,2/8/2021,6,4,150,600,52,,2
686,Lee,2/15/2021,2,4,41,193,8,,1
687,Lee,2/22/2021,5,11,318,"1,270",67,,18
688,Lee,3/1/2021,6,5,186,721,40,,15
689,Lee,3/8/2021,3,14,217,"1,060",82,,25
690,Lenoir,12/14/2020,,,,43,,10,
691,Lenoir,12/21/2020,,,,103,1,25,
692,Lenoir,12/28/2020,,,,129,4,31,
693,Lenoir,1/4/2021,,,,198,1,61,
694,Lenoir,1/11/2021,,,,"1,051",18,148,
695,Lenoir,1/18/2021,,,,"1,113",132,374,33
696,Lenoir,1/25/2021,,,,910,92,376,2
697,Lenoir,2/1/2021,,,,573,87,617,
698,Lenoir,2/8/2021,,,,499,58,494,1
699,Lenoir,2/15/2021,,,,238,20,281,10
700,Lenoir,2/22/2021,,,,592,29,388,92
701,Lenoir,3/1/2021,,,,663,35,406,55
702,Lenoir,3/8/2021,,,,348,70,223,13
703,Lincoln,12/14/2020,,,,59,,4,
704,Lincoln,12/21/2020,,,,172,2,8,
705,Lincoln,12/28/2020,,,,238,12,15,
706,Lincoln,1/4/2021,,,,411,14,16,
707,Lincoln,1/11/2021,,,,"1,132",18,38,
708,Lincoln,1/18/2021,,,,"2,279",98,62,
709,Lincoln,1/25/2021,,,,"1,939",67,89,
710,Lincoln,2/1/2021,,,,675,25,47,
711,Lincoln,2/8/2021,,,,738,38,76,
712,Lincoln,2/15/2021,,,,284,13,19,2
713,Lincoln,2/22/2021,,,,"1,855",39,126,126
714,Lincoln,3/1/2021,,,,"1,493",55,111,55
715,Lincoln,3/8/2021,,,,914,19,72,26
716,Macon,12/14/2020,,,,117,4,2,
717,Macon,12/21/2020,,,,6,,,
718,Macon,12/28/2020,,,,73,4,,
719,Macon,1/4/2021,,,,175,5,9,
720,Macon,1/11/2021,,,,405,3,4,
721,Macon,1/18/2021,,,,"1,293",6,7,
722,Macon,1/25/2021,,,,498,4,6,
723,Macon,2/1/2021,,,,482,5,6,
724,Macon,2/8/2021,,,,"1,029",7,15,
725,Macon,2/15/2021,,,,81,1,4,
726,Macon,2/22/2021,,,,"2,105",15,31,1
727,Macon,3/1/2021,,,,"1,509",21,44,5
728,Macon,3/8/2021,,,,288,5,7,7
729,Madison,12/14/2020,,,,32,,,
730,Madison,12/21/2020,,,,37,1,3,
731,Madison,12/28/2020,,,,79,3,1,
732,Madison,1/4/2021,,,,201,1,2,
733,Madison,1/11/2021,,,,590,2,1,
734,Madison,1/18/2021,,,,694,7,4,
735,Madison,1/25/2021,,,,414,6,3,
736,Madison,2/1/2021,,,,216,,3,
737,Madison,2/8/2021,,,,730,12,3,
738,Madison,2/15/2021,,,,225,2,0,2
739,Madison,2/22/2021,,,,376,3,3,17
740,Madison,3/1/2021,,,,376,5,4,12
741,Madison,3/8/2021,,,,221,2,2,8
742,Martin,12/14/2020,,,,28,,3,
743,Martin,12/21/2020,,,,46,1,6,
744,Martin,12/28/2020,,,,77,,10,
745,Martin,1/4/2021,,,,130,2,20,
746,Martin,1/11/2021,,,,320,2,43,
747,Martin,1/18/2021,,,,552,53,179,
748,Martin,1/25/2021,,,,373,137,138,4
749,Martin,2/1/2021,,,,352,11,311,1
750,Martin,2/8/2021,,,,143,20,205,8
751,Martin,2/15/2021,,,,98,7,99,5
752,Martin,2/22/2021,,,,103,9,129,14
753,Martin,3/1/2021,,,,531,20,385,8
754,Martin,3/8/2021,,,,90,8,106,3
755,Mcdowell,12/14/2020,,,,54,,4,
756,Mcdowell,12/21/2020,,,,154,1,4,
757,Mcdowell,12/28/2020,,,,185,1,4,
758,Mcdowell,1/4/2021,,,,271,17,10,
759,Mcdowell,1/11/2021,,,,678,194,5,
760,Mcdowell,1/18/2021,,,,"1,136",228,34,
761,Mcdowell,1/25/2021,,,,935,69,30,
762,Mcdowell,2/1/2021,,,,859,7,18,1
763,Mcdowell,2/8/2021,,,,"1,091",22,42,2
764,Mcdowell,2/15/2021,,,,316,6,6,
765,Mcdowell,2/22/2021,,,,925,39,47,6
766,Mcdowell,3/1/2021,,,,928,93,57,69
767,Mcdowell,3/8/2021,,,,62,1,6,4
768,Mecklenburg,12/14/2020,6,144,87,"1,186",71,,
769,Mecklenburg,12/21/2020,11,279,378,"3,054",162,,
770,Mecklenburg,12/28/2020,15,297,621,"3,363",224,,
771,Mecklenburg,1/4/2021,27,395,"1,029","4,771",291,,1
772,Mecklenburg,1/11/2021,66,431,"1,423","8,085",347,,1
773,Mecklenburg,1/18/2021,101,659,"3,481","15,266","1,451",,4
774,Mecklenburg,1/25/2021,94,"1,025","4,280","14,478","1,532",,5
775,Mecklenburg,2/1/2021,59,531,"2,967","6,946",743,,32
776,Mecklenburg,2/8/2021,60,588,"2,921","4,904",549,,50
777,Mecklenburg,2/15/2021,48,330,"1,941","3,871",307,,134
778,Mecklenburg,2/22/2021,72,653,"4,074","10,144",576,,365
779,Mecklenburg,3/1/2021,163,"1,033","5,539","12,929",714,,714
780,Mecklenburg,3/8/2021,114,"1,066","3,190","10,058",466,,492
781,Missing,12/14/2020,1,4,4,20,1,,4
782,Missing,12/21/2020,1,2,5,48,1,,10
783,Missing,12/28/2020,1,,,30,1,,9
784,Missing,1/4/2021,0,1,8,36,4,,21
785,Missing,1/11/2021,,7,2,56,4,,43
786,Missing,1/18/2021,1,2,3,46,1,,26
787,Missing,1/25/2021,,2,3,29,2,,3
788,Missing,2/1/2021,1,4,15,54,10,,1
789,Missing,2/8/2021,1,16,7,66,6,,2
790,Missing,2/15/2021,1,9,22,101,3,,18
791,Missing,2/22/2021,3,21,140,802,39,,48
792,Missing,3/1/2021,6,21,131,532,35,,63
793,Missing,3/8/2021,8,25,107,386,25,,51
794,Mitchell,12/14/2020,,,,20,,1,
795,Mitchell,12/21/2020,,,,3,,,
796,Mitchell,12/28/2020,,,,31,1,,
797,Mitchell,1/4/2021,,,,80,1,,
798,Mitchell,1/11/2021,,,,482,7,1,
799,Mitchell,1/18/2021,,,,572,12,3,
800,Mitchell,1/25/2021,,,,96,6,2,
801,Mitchell,2/1/2021,,,,103,2,1,
802,Mitchell,2/8/2021,,,,157,4,8,
803,Mitchell,2/15/2021,,,,13,0,2,2
804,Mitchell,2/22/2021,,,,246,1,0,106
805,Mitchell,3/1/2021,,,,248,6,3,28
806,Mitchell,3/8/2021,,,,237,3,9,14
807,Montgomery,12/14/2020,,,,3,,1,
808,Montgomery,12/21/2020,,,,23,,2,
809,Montgomery,12/28/2020,,,,57,,10,
810,Montgomery,1/4/2021,,,,192,9,27,
811,Montgomery,1/11/2021,,,,415,8,41,
812,Montgomery,1/18/2021,,,,744,8,79,1
813,Montgomery,1/25/2021,,,,262,2,54,
814,Montgomery,2/1/2021,,,,401,8,141,
815,Montgomery,2/8/2021,,,,518,15,101,1
816,Montgomery,2/15/2021,,,,30,3,6,
817,Montgomery,2/22/2021,,,,333,6,91,3
818,Montgomery,3/1/2021,,,,668,53,226,3
819,Montgomery,3/8/2021,,,,273,90,57,3
820,Moore,12/14/2020,1,4,1,60,8,,
821,Moore,12/21/2020,8,22,12,387,10,,
822,Moore,12/28/2020,4,20,41,617,16,,
823,Moore,1/4/2021,7,19,94,"1,114",25,,
824,Moore,1/11/2021,13,12,131,"2,261",35,,
825,Moore,1/18/2021,16,31,250,"3,932",55,,
826,Moore,1/25/2021,11,12,149,"2,033",47,,
827,Moore,2/1/2021,9,13,214,"2,053",39,,
828,Moore,2/8/2021,9,27,154,"1,944",45,,2
829,Moore,2/15/2021,5,18,111,910,22,,3
830,Moore,2/22/2021,19,31,472,"3,147",64,,16
831,Moore,3/1/2021,28,39,441,"2,712",93,,29
832,Moore,3/8/2021,11,37,245,"1,443",54,,32
833,Nash,12/14/2020,,4,17,80,4,,
834,Nash,12/21/2020,2,6,52,179,20,,
835,Nash,12/28/2020,1,9,36,212,12,,
836,Nash,1/4/2021,7,25,222,913,16,,
837,Nash,1/11/2021,9,17,232,904,29,,
838,Nash,1/18/2021,8,14,359,"1,342",56,,2
839,Nash,1/25/2021,4,8,297,923,60,,
840,Nash,2/1/2021,27,13,807,"1,215",86,,5
841,Nash,2/8/2021,3,18,922,839,83,,4
842,Nash,2/15/2021,2,3,144,241,7,,15
843,Nash,2/22/2021,22,53,"1,247","1,522",29,,39
844,Nash,3/1/2021,24,52,"1,140","1,361",84,,38
845,Nash,3/8/2021,5,15,558,632,32,,21
846,New Hanover,12/14/2020,6,33,39,871,33,,
847,New Hanover,12/21/2020,8,25,101,"1,773",57,,
848,New Hanover,12/28/2020,6,37,109,"2,030",38,,
849,New Hanover,1/4/2021,19,35,178,"3,352",59,,
850,New Hanover,1/11/2021,9,36,267,"4,878",82,,
851,New Hanover,1/18/2021,31,83,902,"7,687","1,042",,17
852,New Hanover,1/25/2021,14,32,445,"3,073",161,,17
853,New Hanover,2/1/2021,5,34,578,"2,394",108,,8
854,New Hanover,2/8/2021,6,32,374,"2,018",113,,16
855,New Hanover,2/15/2021,7,24,233,"2,212",53,,96
856,New Hanover,2/22/2021,18,58,535,"4,085",104,,147
857,New Hanover,3/1/2021,17,45,382,"3,292",148,,295
858,New Hanover,3/8/2021,11,40,339,"1,726",59,,52
859,Northampton,12/14/2020,,,2,,,12,
860,Northampton,12/21/2020,,,5,,,6,
861,Northampton,12/28/2020,,,31,,,72,
862,Northampton,1/4/2021,,,39,,,164,
863,Northampton,1/11/2021,,,102,,3,252,
864,Northampton,1/18/2021,,,151,,5,241,
865,Northampton,1/25/2021,,,171,,6,176,
866,Northampton,2/1/2021,,,305,,7,317,
867,Northampton,2/8/2021,,,364,,15,210,1
868,Northampton,2/15/2021,,,28,,0,16,
869,Northampton,2/22/2021,,,584,,7,343,6
870,Northampton,3/1/2021,,,448,,13,307,11
871,Northampton,3/8/2021,,,114,,17,75,18
872,Onslow,12/14/2020,1,12,9,129,7,,
873,Onslow,12/21/2020,2,13,21,285,21,,
874,Onslow,12/28/2020,6,24,84,581,31,,
875,Onslow,1/4/2021,7,15,97,951,20,,
876,Onslow,1/11/2021,3,32,151,"1,340",28,,
877,Onslow,1/18/2021,14,80,395,"2,806",72,,
878,Onslow,1/25/2021,10,49,238,"1,616",43,,
879,Onslow,2/1/2021,4,35,189,"1,150",15,,
880,Onslow,2/8/2021,8,48,300,"1,641",31,,4
881,Onslow,2/15/2021,0,16,111,404,8,,3
882,Onslow,2/22/2021,15,79,544,"2,429",64,,23
883,Onslow,3/1/2021,13,72,469,"1,552",52,,39
884,Onslow,3/8/2021,2,55,296,898,37,,18
885,Orange,12/14/2020,5,97,32,794,37,,
886,Orange,12/21/2020,6,211,82,"1,418",102,,
887,Orange,12/28/2020,8,154,117,"1,338",94,,
888,Orange,1/4/2021,5,126,103,"1,156",78,,
889,Orange,1/11/2021,8,188,376,"3,401",131,,
890,Orange,1/18/2021,9,281,256,"4,381",229,,2
891,Orange,1/25/2021,7,212,356,"3,082",131,,
892,Orange,2/1/2021,7,78,425,"1,617",114,,1
893,Orange,2/8/2021,5,176,419,"2,541",129,,3
894,Orange,2/15/2021,4,130,128,"1,550",77,,33
895,Orange,2/22/2021,6,129,330,"2,325",188,,153
896,Orange,3/1/2021,17,306,422,"3,352",335,,174
897,Orange,3/8/2021,7,175,174,"1,336",139,,69
898,Out of State,12/14/2020,2,10,14,181,10,,
899,Out of State,12/21/2020,7,36,44,577,14,,
900,Out of State,12/28/2020,2,28,75,612,17,,
901,Out of State,1/4/2021,5,33,143,"1,011",43,,
902,Out of State,1/11/2021,17,66,175,"3,302",69,,
903,Out of State,1/18/2021,15,114,412,"6,832",663,,33
904,Out of State,1/25/2021,26,188,531,"6,830",424,,2
905,Out of State,2/1/2021,23,95,448,"3,711",338,,14
906,Out of State,2/8/2021,19,96,428,"2,414",334,,14
907,Out of State,2/15/2021,7,45,179,"1,126",224,,65
908,Out of State,2/22/2021,21,91,642,"3,884",136,,102
909,Out of State,3/1/2021,18,137,783,"3,980",139,,99
910,Out of State,3/8/2021,15,116,504,"2,414",146,,83
911,Pamlico,12/14/2020,,,,6,2,2,
912,Pamlico,12/21/2020,,,,71,,2,
913,Pamlico,12/28/2020,,,,133,,6,
914,Pamlico,1/4/2021,,,,183,3,52,
915,Pamlico,1/11/2021,,,,274,4,20,
916,Pamlico,1/18/2021,,,,313,11,44,
917,Pamlico,1/25/2021,,,,198,12,75,
918,Pamlico,2/1/2021,,,,318,15,86,1
919,Pamlico,2/8/2021,,,,464,22,94,
920,Pamlico,2/15/2021,,,,215,12,36,
921,Pamlico,2/22/2021,,,,236,10,39,3
922,Pamlico,3/1/2021,,,,396,23,90,17
923,Pamlico,3/8/2021,,,,124,1,38,5
924,Pasquotank,12/14/2020,,,,3,,4,
925,Pasquotank,12/21/2020,,,,30,1,4,
926,Pasquotank,12/28/2020,,,,41,4,14,
927,Pasquotank,1/4/2021,,,,"1,748",120,674,5
928,Pasquotank,1/11/2021,,,,605,26,304,
929,Pasquotank,1/18/2021,,,,"1,321",71,440,12
930,Pasquotank,1/25/2021,,,,773,65,360,0
931,Pasquotank,2/1/2021,,,,661,148,543,1
932,Pasquotank,2/8/2021,,,,239,39,268,6
933,Pasquotank,2/15/2021,,,,92,6,131,1
934,Pasquotank,2/22/2021,,,,351,36,170,7
935,Pasquotank,3/1/2021,,,,320,6,156,9
936,Pasquotank,3/8/2021,,,,139,5,70,6
937,Pender,12/14/2020,2,3,4,91,,,
938,Pender,12/21/2020,1,7,20,275,10,,
939,Pender,12/28/2020,1,,27,240,12,,
940,Pender,1/4/2021,9,2,83,745,9,,
941,Pender,1/11/2021,5,1,48,562,5,,
942,Pender,1/18/2021,12,6,125,"1,134",119,,5
943,Pender,1/25/2021,12,3,223,940,32,,4
944,Pender,2/1/2021,4,10,259,792,34,,4
945,Pender,2/8/2021,2,3,181,758,27,,4
946,Pender,2/15/2021,1,4,70,374,9,,5
947,Pender,2/22/2021,2,3,156,704,16,,18
948,Pender,3/1/2021,6,3,191,"1,006",29,,30
949,Pender,3/8/2021,7,1,136,556,27,,8
950,Perquimans,12/14/2020,,,,3,,,
951,Perquimans,12/21/2020,,,,9,,2,
952,Perquimans,12/28/2020,,,,37,1,3,
953,Perquimans,1/4/2021,,,,824,18,112,
954,Perquimans,1/11/2021,,,,363,13,87,
955,Perquimans,1/18/2021,,,,684,13,104,
956,Perquimans,1/25/2021,,,,48,1,15,
957,Perquimans,2/1/2021,,,,352,27,126,
958,Perquimans,2/8/2021,,,,67,2,45,2
959,Perquimans,2/15/2021,,,,27,0,26,3
960,Perquimans,2/22/2021,,,,130,3,49,4
961,Perquimans,3/1/2021,,,,53,0,24,5
962,Perquimans,3/8/2021,,,,84,1,26,4
963,Person,12/14/2020,,,,33,,4,
964,Person,12/21/2020,,,,96,3,21,
965,Person,12/28/2020,,,,257,6,43,
966,Person,1/4/2021,,,,322,8,80,
967,Person,1/11/2021,,,,"1,111",10,353,
968,Person,1/18/2021,,,,614,17,121,
969,Person,1/25/2021,,,,427,13,153,
970,Person,2/1/2021,,,,510,6,211,
971,Person,2/8/2021,,,,186,9,171,
972,Person,2/15/2021,,,,169,4,71,3
973,Person,2/22/2021,,,,569,15,283,8
974,Person,3/1/2021,,,,658,11,302,10
975,Person,3/8/2021,,,,372,15,216,6
976,Pitt,12/14/2020,6,126,88,765,53,,
977,Pitt,12/21/2020,5,81,99,675,25,,
978,Pitt,12/28/2020,3,34,164,744,27,,
979,Pitt,1/4/2021,8,49,250,"1,137",44,,
980,Pitt,1/11/2021,8,35,385,"1,948",58,,
981,Pitt,1/18/2021,18,115,737,"2,727",136,,
982,Pitt,1/25/2021,16,92,"1,703","5,336",406,,
983,Pitt,2/1/2021,7,46,"1,406","1,890",137,,3
984,Pitt,2/8/2021,7,34,801,"1,068",70,,2
985,Pitt,2/15/2021,0,13,262,302,25,,8
986,Pitt,2/22/2021,10,29,755,"1,759",52,,52
987,Pitt,3/1/2021,20,99,"1,236","2,557",208,,109
988,Pitt,3/8/2021,13,47,423,752,116,,26
989,Polk,12/14/2020,,,,15,1,,
990,Polk,12/21/2020,,,,95,3,3,
991,Polk,12/28/2020,,,,107,,3,
992,Polk,1/4/2021,,,,116,3,4,
993,Polk,1/11/2021,,,,473,4,7,1
994,Polk,1/18/2021,,,,878,26,32,
995,Polk,1/25/2021,,,,164,13,7,1
996,Polk,2/1/2021,,,,326,10,9,
997,Polk,2/8/2021,,,,216,9,10,9
998,Polk,2/15/2021,,,,23,1,2,3
999,Polk,2/22/2021,,,,806,9,34,17
"1,000",Polk,3/1/2021,,,,317,3,7,5
"1,001",Polk,3/8/2021,,,,264,8,10,5
"1,002",Randolph,12/14/2020,,,1,39,,,1
"1,003",Randolph,12/21/2020,1,7,7,279,11,,
"1,004",Randolph,12/28/2020,4,14,17,370,15,,
"1,005",Randolph,1/4/2021,3,4,16,477,9,,0
"1,006",Randolph,1/11/2021,4,18,59,"2,800",37,,
"1,007",Randolph,1/18/2021,4,25,67,"1,955",30,,
"1,008",Randolph,1/25/2021,2,13,124,"1,310",32,,
"1,009",Randolph,2/1/2021,8,9,190,"1,423",65,,1
"1,010",Randolph,2/8/2021,11,13,138,"1,607",32,,5
"1,011",Randolph,2/15/2021,3,5,25,298,9,,1
"1,012",Randolph,2/22/2021,8,17,163,"2,247",83,,38
"1,013",Randolph,3/1/2021,10,22,218,"3,186",89,,36
"1,014",Randolph,3/8/2021,4,29,112,"1,260",136,,18
"1,015",Richmond,12/14/2020,,,1,4,1,,1
"1,016",Richmond,12/21/2020,,2,5,54,3,,
"1,017",Richmond,12/28/2020,3,1,28,215,3,,
"1,018",Richmond,1/4/2021,1,2,45,276,8,,0
"1,019",Richmond,1/11/2021,5,4,75,809,8,,
"1,020",Richmond,1/18/2021,4,9,223,940,18,,
"1,021",Richmond,1/25/2021,4,16,138,657,61,,
"1,022",Richmond,2/1/2021,14,9,325,817,37,,1
"1,023",Richmond,2/8/2021,12,5,342,509,52,,
"1,024",Richmond,2/15/2021,9,7,158,330,18,,10
"1,025",Richmond,2/22/2021,12,5,183,458,12,,6
"1,026",Richmond,3/1/2021,4,2,201,532,56,,21
"1,027",Richmond,3/8/2021,9,3,279,416,82,,42
"1,028",Robeson,12/14/2020,60,14,19,125,15,,
"1,029",Robeson,12/21/2020,87,14,29,151,5,,
"1,030",Robeson,12/28/2020,84,5,39,109,8,,
"1,031",Robeson,1/4/2021,436,14,149,745,26,,
"1,032",Robeson,1/11/2021,492,12,305,"1,017",23,,
"1,033",Robeson,1/18/2021,"1,080",17,703,"1,501",45,,
"1,034",Robeson,1/25/2021,349,3,346,482,42,,
"1,035",Robeson,2/1/2021,499,20,498,612,53,,5
"1,036",Robeson,2/8/2021,339,3,401,281,33,,1
"1,037",Robeson,2/15/2021,244,10,308,290,21,,7
"1,038",Robeson,2/22/2021,716,16,496,616,31,,37
"1,039",Robeson,3/1/2021,549,24,515,795,69,,42
"1,040",Robeson,3/8/2021,436,39,425,493,70,,25
"1,041",Rockingham,12/14/2020,,1,2,15,,,
"1,042",Rockingham,12/21/2020,,9,17,152,4,,
"1,043",Rockingham,12/28/2020,2,3,58,285,2,,
"1,044",Rockingham,1/4/2021,,1,36,429,6,,
"1,045",Rockingham,1/11/2021,1,3,126,"1,140",8,,
"1,046",Rockingham,1/18/2021,0,5,161,"1,405",15,,1
"1,047",Rockingham,1/25/2021,3,3,101,593,9,,
"1,048",Rockingham,2/1/2021,9,6,557,"1,460",48,,
"1,049",Rockingham,2/8/2021,4,13,371,"1,305",46,,6
"1,050",Rockingham,2/15/2021,1,4,171,428,10,,
"1,051",Rockingham,2/22/2021,7,4,457,"1,957",48,,23
"1,052",Rockingham,3/1/2021,7,15,625,"1,988",79,,21
"1,053",Rockingham,3/8/2021,2,12,396,"1,219",57,,27
"1,054",Rowan,12/14/2020,,1,3,38,,,
"1,055",Rowan,12/21/2020,1,9,12,271,12,,
"1,056",Rowan,12/28/2020,3,12,43,715,45,,
"1,057",Rowan,1/4/2021,6,16,64,"1,075",81,,
"1,058",Rowan,1/11/2021,3,20,99,"1,134",35,,
"1,059",Rowan,1/18/2021,9,26,208,"2,383",91,,
"1,060",Rowan,1/25/2021,3,9,153,"1,325",37,,1
"1,061",Rowan,2/1/2021,4,18,188,"1,089",39,,1
"1,062",Rowan,2/8/2021,7,38,589,"2,911",125,,22
"1,063",Rowan,2/15/2021,2,6,88,522,17,,4
"1,064",Rowan,2/22/2021,4,14,253,"1,427",35,,39
"1,065",Rowan,3/1/2021,4,13,246,"1,271",35,,32
"1,066",Rowan,3/8/2021,6,29,160,835,19,,42
"1,067",Rutherford,12/14/2020,,,,69,1,6,
"1,068",Rutherford,12/21/2020,,,,163,5,13,
"1,069",Rutherford,12/28/2020,,,,228,3,13,
"1,070",Rutherford,1/4/2021,,,,637,3,35,
"1,071",Rutherford,1/11/2021,,,,948,12,48,
"1,072",Rutherford,1/18/2021,,,,"1,271",16,74,
"1,073",Rutherford,1/25/2021,,,,845,66,59,1
"1,074",Rutherford,2/1/2021,,,,425,46,37,1
"1,075",Rutherford,2/8/2021,,,,561,41,66,6
"1,076",Rutherford,2/15/2021,,,,445,1,49,39
"1,077",Rutherford,2/22/2021,,,,"1,365",43,189,130
"1,078",Rutherford,3/1/2021,,,,827,9,196,135
"1,079",Rutherford,3/8/2021,,,,693,12,104,349
"1,080",Sampson,12/14/2020,,,10,101,8,,
"1,081",Sampson,12/21/2020,2,4,17,130,11,,
"1,082",Sampson,12/28/2020,5,7,33,232,10,,
"1,083",Sampson,1/4/2021,5,2,47,383,15,,
"1,084",Sampson,1/11/2021,17,3,273,"1,025",10,,
"1,085",Sampson,1/18/2021,34,8,742,"1,629",42,,
"1,086",Sampson,1/25/2021,9,4,179,588,11,,
"1,087",Sampson,2/1/2021,15,4,294,588,19,,
"1,088",Sampson,2/8/2021,13,12,314,532,27,,3
"1,089",Sampson,2/15/2021,5,1,154,249,5,,3
"1,090",Sampson,2/22/2021,10,5,247,601,27,,5
"1,091",Sampson,3/1/2021,19,1,279,904,105,,20
"1,092",Sampson,3/8/2021,10,5,220,487,204,,36
"1,093",Scotland,12/14/2020,,,,2,1,1,
"1,094",Scotland,12/21/2020,,,,57,6,23,
"1,095",Scotland,12/28/2020,,,,93,5,47,
"1,096",Scotland,1/4/2021,,,,111,0,37,
"1,097",Scotland,1/11/2021,,,,192,0,74,
"1,098",Scotland,1/18/2021,,,,649,7,223,
"1,099",Scotland,1/25/2021,,,,728,18,373,
"1,100",Scotland,2/1/2021,,,,471,9,432,
"1,101",Scotland,2/8/2021,,,,461,20,431,1
"1,102",Scotland,2/15/2021,,,,151,7,125,
"1,103",Scotland,2/22/2021,,,,416,8,304,4
"1,104",Scotland,3/1/2021,,,,272,27,205,10
"1,105",Scotland,3/8/2021,,,,78,3,84,2
"1,106",Stanly,12/14/2020,,,,14,,,
"1,107",Stanly,12/21/2020,,,,52,1,1,
"1,108",Stanly,12/28/2020,,,,164,3,12,
"1,109",Stanly,1/4/2021,,,,386,6,28,
"1,110",Stanly,1/11/2021,,,,908,7,70,
"1,111",Stanly,1/18/2021,,,,"1,818",11,109,
"1,112",Stanly,1/25/2021,,,,"1,015",13,68,
"1,113",Stanly,2/1/2021,,,,936,6,231,
"1,114",Stanly,2/8/2021,,,,817,6,86,2
"1,115",Stanly,2/15/2021,,,,201,2,39,1
"1,116",Stanly,2/22/2021,,,,"1,004",12,92,48
"1,117",Stanly,3/1/2021,,,,915,13,109,14
"1,118",Stanly,3/8/2021,,,,228,6,27,1
"1,119",Stokes,12/14/2020,,,,19,,2,
"1,120",Stokes,12/21/2020,,,,201,4,4,
"1,121",Stokes,12/28/2020,,,,211,2,3,
"1,122",Stokes,1/4/2021,,,,280,1,7,
"1,123",Stokes,1/11/2021,,,,468,111,10,
"1,124",Stokes,1/18/2021,,,,"1,540",10,30,10
"1,125",Stokes,1/25/2021,,,,661,8,27,1
"1,126",Stokes,2/1/2021,,,,581,40,24,
"1,127",Stokes,2/8/2021,,,,408,12,14,2
"1,128",Stokes,2/15/2021,,,,150,6,19,13
"1,129",Stokes,2/22/2021,,,,510,10,30,7
"1,130",Stokes,3/1/2021,,,,500,9,28,75
"1,131",Stokes,3/8/2021,,,,537,7,37,38
"1,132",Surry,12/14/2020,,,,106,1,3,
"1,133",Surry,12/21/2020,,,,307,3,10,1
"1,134",Surry,12/28/2020,,,,364,6,10,
"1,135",Surry,1/4/2021,,,,678,4,14,
"1,136",Surry,1/11/2021,,,,"1,881",102,59,
"1,137",Surry,1/18/2021,,,,"1,866",25,73,1
"1,138",Surry,1/25/2021,,,,"1,637",21,59,
"1,139",Surry,2/1/2021,,,,"1,070",7,51,1
"1,140",Surry,2/8/2021,,,,877,32,60,1
"1,141",Surry,2/15/2021,,,,223,3,21,2
"1,142",Surry,2/22/2021,,,,"1,961",23,83,21
"1,143",Surry,3/1/2021,,,,945,64,73,20
"1,144",Surry,3/8/2021,,,,947,164,60,37
"1,145",Swain,12/14/2020,,,,1,,,
"1,146",Swain,12/21/2020,,,,3,1,,
"1,147",Swain,12/28/2020,,,,81,,2,
"1,148",Swain,1/4/2021,,,,188,2,6,
"1,149",Swain,1/11/2021,,,,135,1,1,
"1,150",Swain,1/18/2021,,,,514,3,4,
"1,151",Swain,1/25/2021,,,,124,1,1,
"1,152",Swain,2/1/2021,,,,389,7,7,1
"1,153",Swain,2/8/2021,,,,318,2,3,1
"1,154",Swain,2/15/2021,,,,11,,1,
"1,155",Swain,2/22/2021,,,,327,9,39,1
"1,156",Swain,3/1/2021,,,,305,18,17,12
"1,157",Swain,3/8/2021,,,,180,6,10,1
"1,158",Transylvania,12/14/2020,,,,39,,,
"1,159",Transylvania,12/21/2020,,,,106,1,3,
"1,160",Transylvania,12/28/2020,,,,54,,2,
"1,161",Transylvania,1/4/2021,,,,142,2,4,
"1,162",Transylvania,1/11/2021,,,,571,5,5,
"1,163",Transylvania,1/18/2021,,,,"1,228",35,17,
"1,164",Transylvania,1/25/2021,,,,300,54,46,1
"1,165",Transylvania,2/1/2021,,,,338,45,8,1
"1,166",Transylvania,2/8/2021,,,,586,56,20,2
"1,167",Transylvania,2/15/2021,,,,160,13,3,23
"1,168",Transylvania,2/22/2021,,,,"1,382",22,17,100
"1,169",Transylvania,3/1/2021,,,,892,10,25,28
"1,170",Transylvania,3/8/2021,,,,96,2,11,2
"1,171",Tyrrell,12/14/2020,,,,1,,,
"1,172",Tyrrell,12/21/2020,,,,4,,1,
"1,173",Tyrrell,12/28/2020,,,,6,,2,
"1,174",Tyrrell,1/4/2021,,,,25,1,8,
"1,175",Tyrrell,1/11/2021,,,,132,2,19,
"1,176",Tyrrell,1/18/2021,,,,136,5,54,
"1,177",Tyrrell,1/25/2021,,,,50,1,26,
"1,178",Tyrrell,2/1/2021,,,,33,3,25,
"1,179",Tyrrell,2/8/2021,,,,26,2,29,
"1,180",Tyrrell,2/15/2021,,,,9,0,12,
"1,181",Tyrrell,2/22/2021,,,,25,3,21,
"1,182",Tyrrell,3/1/2021,,,,98,51,64,3
"1,183",Tyrrell,3/8/2021,,,,15,0,9,
"1,184",Union,12/14/2020,,27,11,137,12,,1
"1,185",Union,12/21/2020,4,54,51,456,29,,
"1,186",Union,12/28/2020,5,59,96,814,43,,
"1,187",Union,1/4/2021,4,73,115,"1,361",39,,0
"1,188",Union,1/11/2021,13,81,189,"2,930",70,,
"1,189",Union,1/18/2021,16,118,346,"3,713",215,,
"1,190",Union,1/25/2021,16,250,341,"3,429",281,,
"1,191",Union,2/1/2021,12,78,371,"1,842",102,,1
"1,192",Union,2/8/2021,9,106,299,"1,347",78,,1
"1,193",Union,2/15/2021,14,66,213,"1,127",64,,17
"1,194",Union,2/22/2021,28,178,726,"5,306",208,,79
"1,195",Union,3/1/2021,26,156,516,"2,868",118,,128
"1,196",Union,3/8/2021,11,186,400,"2,122",112,,91
"1,197",Vance,12/14/2020,,,13,,,19,
"1,198",Vance,12/21/2020,,,24,,2,51,
"1,199",Vance,12/28/2020,,,50,,6,120,
"1,200",Vance,1/4/2021,,,92,,8,177,
"1,201",Vance,1/11/2021,,,236,,13,978,
"1,202",Vance,1/18/2021,,,735,,31,"1,170",
"1,203",Vance,1/25/2021,,,298,,17,444,
"1,204",Vance,2/1/2021,,,231,,14,247,1
"1,205",Vance,2/8/2021,,,387,,28,290,3
"1,206",Vance,2/15/2021,,,115,,7,81,
"1,207",Vance,2/22/2021,,,454,,20,364,6
"1,208",Vance,3/1/2021,,,618,,63,619,97
"1,209",Vance,3/8/2021,,,353,,45,365,22
"1,210",Wake,12/14/2020,6,282,184,"1,951",122,,
"1,211",Wake,12/21/2020,15,449,403,"3,471",196,,2
"1,212",Wake,12/28/2020,13,394,444,"2,905",207,,1
"1,213",Wake,1/4/2021,15,529,885,"4,286",321,,
"1,214",Wake,1/11/2021,21,760,"1,207","11,166",851,,1
"1,215",Wake,1/18/2021,79,"1,240","3,135","19,928","1,584",,38
"1,216",Wake,1/25/2021,54,"1,016","2,485","15,652",866,,10
"1,217",Wake,2/1/2021,70,991,"4,386","12,600","1,456",,13
"1,218",Wake,2/8/2021,72,"1,219","2,837","13,558","1,511",,54
"1,219",Wake,2/15/2021,48,"1,041","2,913","9,768",653,,232
"1,220",Wake,2/22/2021,78,"1,364","3,553","17,381",945,,634
"1,221",Wake,3/1/2021,123,"2,398","4,312","19,570","1,382",,925
"1,222",Wake,3/8/2021,57,"1,401","2,360","11,083",913,,748
"1,223",Warren,12/14/2020,,,4,,2,15,
"1,224",Warren,12/21/2020,,,3,,,12,
"1,225",Warren,12/28/2020,,,27,,,26,
"1,226",Warren,1/4/2021,,,34,,5,42,
"1,227",Warren,1/11/2021,,,82,,3,155,
"1,228",Warren,1/18/2021,,,150,,1,241,
"1,229",Warren,1/25/2021,,,259,,8,322,
"1,230",Warren,2/1/2021,,,238,,7,325,
"1,231",Warren,2/8/2021,,,286,,13,227,2
"1,232",Warren,2/15/2021,,,76,,0,22,1
"1,233",Warren,2/22/2021,,,405,,5,274,18
"1,234",Warren,3/1/2021,,,340,,20,339,15
"1,235",Warren,3/8/2021,,,113,,6,62,3
"1,236",Washington,12/14/2020,,,1,,,9,
"1,237",Washington,12/21/2020,,,4,,,19,
"1,238",Washington,12/28/2020,,,11,,,15,
"1,239",Washington,1/4/2021,,,12,,2,92,
"1,240",Washington,1/11/2021,,,64,,3,222,1
"1,241",Washington,1/18/2021,,,177,,19,462,1
"1,242",Washington,1/25/2021,,,68,,57,155,2
"1,243",Washington,2/1/2021,,,119,,4,126,1
"1,244",Washington,2/8/2021,,,99,,4,70,0
"1,245",Washington,2/15/2021,,,44,,0,26,
"1,246",Washington,2/22/2021,,,105,,4,90,9
"1,247",Washington,3/1/2021,,,102,,13,104,1
"1,248",Washington,3/8/2021,,,51,,0,41,1
"1,249",Watauga,12/14/2020,,,,17,,,
"1,250",Watauga,12/21/2020,,,,372,17,10,
"1,251",Watauga,12/28/2020,,,,342,3,7,
"1,252",Watauga,1/4/2021,,,,268,9,7,
"1,253",Watauga,1/11/2021,,,,"2,300",88,32,5
"1,254",Watauga,1/18/2021,,,,"1,088",13,12,2
"1,255",Watauga,1/25/2021,,,,811,90,16,2
"1,256",Watauga,2/1/2021,,,,470,6,5,1
"1,257",Watauga,2/8/2021,,,,577,14,14,3
"1,258",Watauga,2/15/2021,,,,296,5,7,4
"1,259",Watauga,2/22/2021,,,,"2,023",31,42,156
"1,260",Watauga,3/1/2021,,,,"1,562",51,70,37
"1,261",Watauga,3/8/2021,,,,378,10,17,35
"1,262",Wayne,12/14/2020,,6,9,88,4,,
"1,263",Wayne,12/21/2020,1,11,40,196,7,,
"1,264",Wayne,12/28/2020,,5,55,222,6,,
"1,265",Wayne,1/4/2021,2,12,117,545,15,,
"1,266",Wayne,1/11/2021,6,17,262,950,22,,
"1,267",Wayne,1/18/2021,5,21,585,"2,617",77,,20
"1,268",Wayne,1/25/2021,,6,131,380,18,,
"1,269",Wayne,2/1/2021,0,11,372,681,37,,
"1,270",Wayne,2/8/2021,12,12,701,"1,118",85,,24
"1,271",Wayne,2/15/2021,3,12,298,455,37,,7
"1,272",Wayne,2/22/2021,6,25,697,"1,466",66,,148
"1,273",Wayne,3/1/2021,24,97,"1,015","2,224",214,,116
"1,274",Wayne,3/8/2021,5,41,430,585,127,,14
"1,275",Wilkes,12/14/2020,,,,55,,5,
"1,276",Wilkes,12/21/2020,,,,324,12,14,
"1,277",Wilkes,12/28/2020,,,,558,3,7,
"1,278",Wilkes,1/4/2021,,,,372,11,2,
"1,279",Wilkes,1/11/2021,,,,"1,190",23,42,
"1,280",Wilkes,1/18/2021,,,,"1,428",31,41,1
"1,281",Wilkes,1/25/2021,,,,915,11,55,1
"1,282",Wilkes,2/1/2021,,,,"1,005",12,89,
"1,283",Wilkes,2/8/2021,,,,"1,030",20,77,0
"1,284",Wilkes,2/15/2021,,,,207,1,11,3
"1,285",Wilkes,2/22/2021,,,,"1,715",8,72,25
"1,286",Wilkes,3/1/2021,,,,"1,381",43,88,26
"1,287",Wilkes,3/8/2021,,,,441,10,41,22
"1,288",Wilson,12/14/2020,,5,13,94,3,,
"1,289",Wilson,12/21/2020,,2,20,107,4,,
"1,290",Wilson,12/28/2020,,2,100,239,8,,
"1,291",Wilson,1/4/2021,2,7,63,586,4,,
"1,292",Wilson,1/11/2021,,5,159,689,11,,
"1,293",Wilson,1/18/2021,6,25,785,"2,082",150,,
"1,294",Wilson,1/25/2021,2,12,288,617,38,,
"1,295",Wilson,2/1/2021,0,2,412,739,66,,
"1,296",Wilson,2/8/2021,3,4,538,768,57,,
"1,297",Wilson,2/15/2021,1,3,266,342,11,,27
"1,298",Wilson,2/22/2021,7,15,641,817,26,,58
"1,299",Wilson,3/1/2021,6,51,651,"1,208",63,,56
"1,300",Wilson,3/8/2021,2,22,268,253,36,,19
"1,301",Yadkin,12/14/2020,,,,28,,4,
"1,302",Yadkin,12/21/2020,,,,144,3,3,
"1,303",Yadkin,12/28/2020,,,,463,2,4,
"1,304",Yadkin,1/4/2021,,,,414,6,9,
"1,305",Yadkin,1/11/2021,,,,"1,077",12,29,
"1,306",Yadkin,1/18/2021,,,,"1,056",11,30,
"1,307",Yadkin,1/25/2021,,,,203,2,9,
"1,308",Yadkin,2/1/2021,,,,431,4,20,
"1,309",Yadkin,2/8/2021,,,,416,12,14,3
"1,310",Yadkin,2/15/2021,,,,57,2,3,
"1,311",Yadkin,2/22/2021,,,,894,12,46,7
"1,312",Yadkin,3/1/2021,,,,849,15,40,32
"1,313",Yadkin,3/8/2021,,,,300,11,17,19
"1,314",Yancey,12/14/2020,,,,38,,2,
"1,315",Yancey,12/21/2020,,,,19,,2,
"1,316",Yancey,12/28/2020,,,,56,,,
"1,317",Yancey,1/4/2021,,,,198,,2,
"1,318",Yancey,1/11/2021,,,,404,1,4,
"1,319",Yancey,1/18/2021,,,,975,9,16,
"1,320",Yancey,1/25/2021,,,,208,3,2,
"1,321",Yancey,2/1/2021,,,,230,,1,1
"1,322",Yancey,2/8/2021,,,,159,5,0,3
"1,323",Yancey,2/15/2021,,,,84,1,3,
"1,324",Yancey,2/22/2021,,,,308,0,2,9
"1,325",Yancey,3/1/2021,,,,489,9,11,145
"1,326",Yancey,3/8/2021,,,,307,11,3,101